iter,v1,v2,v3,v4,v5,fitness,p1,p2,p3,p4,p5,time
1,25.0,3.0,30.0,3.0,7.1,23788.5536108105,2638.6067200017196,4986.407275274159,4986.409525217708,5588.56247448885,5588.567615828063,519.26
2,25.0,3.0,30.0,3.0,7.1,23788.5536108105,2638.6067200017196,4986.407275274159,4986.409525217708,5588.56247448885,5588.567615828063,707.19
3,25.0,3.0,30.0,3.0,7.1,23788.5536108105,2638.6067200017196,4986.407275274159,4986.409525217708,5588.56247448885,5588.567615828063,943.12
4,25.0,3.0,30.0,3.0,7.1,23788.5536108105,2638.6067200017196,4986.407275274159,4986.409525217708,5588.56247448885,5588.567615828063,960.06
5,25.0,3.0,30.0,3.0,6.4,23926.323400888054,2792.655593120337,4873.209430784847,4873.218275381002,5693.626401061685,5693.613700540185,1195.43
6,25.0,3.0,30.0,3.0,6.4,23926.323400888054,2792.655593120337,4873.209430784847,4873.218275381002,5693.626401061685,5693.613700540185,1289.25
7,25.0,3.0,30.0,3.0,6.4,23926.323400888054,2792.655593120337,4873.209430784847,4873.218275381002,5693.626401061685,5693.613700540185,1340.12
8,3.0,3.0,30.0,3.0,17.0,24962.22848660937,7069.080860626486,4538.1890334948275,4538.185623414836,4408.382501095389,4408.390467977833,1352.75
9,3.0,3.0,30.0,3.0,17.0,24962.22848660937,7069.080860626486,4538.1890334948275,4538.185623414836,4408.382501095389,4408.390467977833,1286.99
10,3.0,3.2,30.0,3.0,13.3,25646.881159491008,5394.5920048146745,5103.389315306588,5103.389056980126,5022.752227869411,5022.758554520205,1257.33
11,3.0,3.2,30.0,3.0,13.3,25646.881159491008,5394.5920048146745,5103.389315306588,5103.389056980126,5022.752227869411,5022.758554520205,1288.24
12,3.0,3.2,30.0,3.0,13.3,25646.881159491008,5394.5920048146745,5103.389315306588,5103.389056980126,5022.752227869411,5022.758554520205,1289.84
13,3.0,3.2,30.0,3.0,13.3,25646.881159491008,5394.5920048146745,5103.389315306588,5103.389056980126,5022.752227869411,5022.758554520205,1318.60
14,3.0,3.2,30.0,3.0,13.3,25646.881159491008,5394.5920048146745,5103.389315306588,5103.389056980126,5022.752227869411,5022.758554520205,1272.13
15,3.0,3.2,30.0,3.0,13.3,25646.881159491008,5394.5920048146745,5103.389315306588,5103.389056980126,5022.752227869411,5022.758554520205,1287.85
16,3.0,3.2,30.0,3.0,13.3,25646.881159491008,5394.5920048146745,5103.389315306588,5103.389056980126,5022.752227869411,5022.758554520205,1302.22
17,3.0,3.2,30.0,3.0,13.3,25646.881159491008,5394.5920048146745,5103.389315306588,5103.389056980126,5022.752227869411,5022.758554520205,1385.09
18,3.0,3.2,30.0,3.0,13.3,25646.881159491008,5394.5920048146745,5103.389315306588,5103.389056980126,5022.752227869411,5022.758554520205,1259.85
19,3.0,3.2,30.0,3.0,13.3,25646.881159491008,5394.5920048146745,5103.389315306588,5103.389056980126,5022.752227869411,5022.758554520205,1335.50
20,3.0,3.0,30.0,3.3,12.8,25675.766900287093,4969.935962969308,5067.390688564434,5067.399864638355,5285.5198061933215,5285.520577921673,1257.82
21,3.0,3.0,30.0,3.0,12.6,25784.255553833318,4979.1908466860195,5231.145561182633,5231.137519542933,5171.388187937868,5171.393438483866,1148.29
22,3.0,3.0,30.0,3.0,12.1,25825.316029188027,4718.253588662712,5266.560579348321,5266.558796403038,5286.965278930711,5286.9777858432435,1275.02
23,3.0,3.0,30.0,3.0,12.1,25825.316029188027,4718.253588662712,5266.560579348321,5266.558796403038,5286.965278930711,5286.9777858432435,1258.61
24,3.0,3.0,30.0,3.0,12.1,25825.316029188027,4718.253588662712,5266.560579348321,5266.558796403038,5286.965278930711,5286.9777858432435,1179.95
25,3.0,3.0,30.0,3.0,12.1,25825.316029188027,4718.253588662712,5266.560579348321,5266.558796403038,5286.965278930711,5286.9777858432435,1147.79
26,3.0,3.0,30.0,3.0,12.1,25825.316029188027,4718.253588662712,5266.560579348321,5266.558796403038,5286.965278930711,5286.9777858432435,1179.30
27,3.0,3.0,30.0,3.0,12.1,25825.316029188027,4718.253588662712,5266.560579348321,5266.558796403038,5286.965278930711,5286.9777858432435,1197.16
28,3.0,3.0,30.0,3.0,12.1,25825.316029188027,4718.253588662712,5266.560579348321,5266.558796403038,5286.965278930711,5286.9777858432435,1178.67
29,3.0,3.0,30.0,3.0,12.1,25825.316029188027,4718.253588662712,5266.560579348321,5266.558796403038,5286.965278930711,5286.9777858432435,1148.44
30,3.0,3.0,30.0,3.0,12.1,25825.316029188027,4718.253588662712,5266.560579348321,5266.558796403038,5286.965278930711,5286.9777858432435,1275.10
31,3.0,3.0,30.0,3.0,12.1,25825.316029188027,4718.253588662712,5266.560579348321,5266.558796403038,5286.965278930711,5286.9777858432435,1336.87
32,3.0,3.0,30.0,3.4,10.0,25958.5526591826,3954.2829823388875,5827.785848060131,5827.795840350349,5174.343168013536,5174.344820419699,1148.06
33,3.0,3.0,30.0,3.4,10.0,25958.5526591826,3954.2829823388875,5827.785848060131,5827.795840350349,5174.343168013536,5174.344820419699,1179.12
34,3.0,3.0,30.0,3.4,10.0,25958.5526591826,3954.2829823388875,5827.785848060131,5827.795840350349,5174.343168013536,5174.344820419699,1054.11
35,3.0,3.0,30.0,3.4,10.0,25958.5526591826,3954.2829823388875,5827.785848060131,5827.795840350349,5174.343168013536,5174.344820419699,738.97
36,3.0,3.0,30.0,3.4,10.0,25958.5526591826,3954.2829823388875,5827.785848060131,5827.795840350349,5174.343168013536,5174.344820419699,550.29
37,3.0,3.0,30.0,3.4,10.0,25958.5526591826,3954.2829823388875,5827.785848060131,5827.795840350349,5174.343168013536,5174.344820419699,377.30
38,3.0,3.0,30.0,3.4,10.0,25958.5526591826,3954.2829823388875,5827.785848060131,5827.795840350349,5174.343168013536,5174.344820419699,251.38
39,3.0,3.0,30.0,3.4,10.0,25958.5526591826,3954.2829823388875,5827.785848060131,5827.795840350349,5174.343168013536,5174.344820419699,219.87
40,3.0,3.0,30.0,3.4,10.0,25958.5526591826,3954.2829823388875,5827.785848060131,5827.795840350349,5174.343168013536,5174.344820419699,172.93
41,3.0,3.0,30.0,3.4,10.0,25958.5526591826,3954.2829823388875,5827.785848060131,5827.795840350349,5174.343168013536,5174.344820419699,31.24
42,3.0,3.0,30.0,3.4,10.0,25958.5526591826,3954.2829823388875,5827.785848060131,5827.795840350349,5174.343168013536,5174.344820419699,125.69
43,3.0,3.0,30.0,3.4,10.0,25958.5526591826,3954.2829823388875,5827.785848060131,5827.795840350349,5174.343168013536,5174.344820419699,94.07
44,3.0,3.0,30.0,3.4,10.0,25958.5526591826,3954.2829823388875,5827.785848060131,5827.795840350349,5174.343168013536,5174.344820419699,110.11
45,3.0,3.0,30.0,3.4,10.0,25958.5526591826,3954.2829823388875,5827.785848060131,5827.795840350349,5174.343168013536,5174.344820419699,110.01
46,3.0,3.0,30.0,3.4,10.0,25958.5526591826,3954.2829823388875,5827.785848060131,5827.795840350349,5174.343168013536,5174.344820419699,94.35
47,3.0,3.0,30.0,3.4,10.0,25958.5526591826,3954.2829823388875,5827.785848060131,5827.795840350349,5174.343168013536,5174.344820419699,172.82
48,3.0,3.0,30.0,3.4,10.0,25958.5526591826,3954.2829823388875,5827.785848060131,5827.795840350349,5174.343168013536,5174.344820419699,141.08
49,3.0,3.0,30.0,3.3,10.0,25991.75336565163,3929.6829098866833,5845.167008960135,5845.167318018389,5185.870332801841,5185.865795984585,62.86
50,3.0,3.0,30.0,3.3,10.0,25991.75336565163,3929.6829098866833,5845.167008960135,5845.167318018389,5185.870332801841,5185.865795984585,62.84
51,3.0,3.0,30.0,3.3,10.0,25991.75336565163,3929.6829098866833,5845.167008960135,5845.167318018389,5185.870332801841,5185.865795984585,78.66
52,3.0,3.0,30.0,3.3,10.0,25991.75336565163,3929.6829098866833,5845.167008960135,5845.167318018389,5185.870332801841,5185.865795984585,47.24
53,3.0,3.0,30.0,3.3,10.0,25991.75336565163,3929.6829098866833,5845.167008960135,5845.167318018389,5185.870332801841,5185.865795984585,31.40
54,3.0,3.0,30.0,3.3,10.0,25991.75336565163,3929.6829098866833,5845.167008960135,5845.167318018389,5185.870332801841,5185.865795984585,0.00
55,3.0,3.0,30.0,3.3,10.0,25991.75336565163,3929.6829098866833,5845.167008960135,5845.167318018389,5185.870332801841,5185.865795984585,15.73
56,3.0,3.0,30.0,3.3,10.0,25991.75336565163,3929.6829098866833,5845.167008960135,5845.167318018389,5185.870332801841,5185.865795984585,0.00
57,3.0,3.0,30.0,3.3,10.0,25991.75336565163,3929.6829098866833,5845.167008960135,5845.167318018389,5185.870332801841,5185.865795984585,0.00
58,3.0,3.0,30.0,3.3,10.0,25991.75336565163,3929.6829098866833,5845.167008960135,5845.167318018389,5185.870332801841,5185.865795984585,0.00
59,3.0,3.0,30.0,3.3,10.0,25991.75336565163,3929.6829098866833,5845.167008960135,5845.167318018389,5185.870332801841,5185.865795984585,0.00
60,3.0,3.0,30.0,3.3,10.0,25991.75336565163,3929.6829098866833,5845.167008960135,5845.167318018389,5185.870332801841,5185.865795984585,0.00
61,3.0,3.0,30.0,3.3,10.0,25991.75336565163,3929.6829098866833,5845.167008960135,5845.167318018389,5185.870332801841,5185.865795984585,0.00
62,3.0,3.0,30.0,3.3,10.0,25991.75336565163,3929.6829098866833,5845.167008960135,5845.167318018389,5185.870332801841,5185.865795984585,0.00
63,3.0,3.0,30.0,3.3,10.0,25991.75336565163,3929.6829098866833,5845.167008960135,5845.167318018389,5185.870332801841,5185.865795984585,0.00
64,3.0,3.0,30.0,3.3,10.0,25991.75336565163,3929.6829098866833,5845.167008960135,5845.167318018389,5185.870332801841,5185.865795984585,0.00
65,3.0,3.0,30.0,3.3,10.0,25991.75336565163,3929.6829098866833,5845.167008960135,5845.167318018389,5185.870332801841,5185.865795984585,0.00
66,3.0,3.0,30.0,3.3,10.0,25991.75336565163,3929.6829098866833,5845.167008960135,5845.167318018389,5185.870332801841,5185.865795984585,0.00
67,3.0,3.0,30.0,3.3,10.0,25991.75336565163,3929.6829098866833,5845.167008960135,5845.167318018389,5185.870332801841,5185.865795984585,0.00
68,3.0,3.0,30.0,3.3,10.0,25991.75336565163,3929.6829098866833,5845.167008960135,5845.167318018389,5185.870332801841,5185.865795984585,0.00
69,3.0,3.0,30.0,3.3,10.0,25991.75336565163,3929.6829098866833,5845.167008960135,5845.167318018389,5185.870332801841,5185.865795984585,0.00
70,3.0,3.0,30.0,3.3,10.0,25991.75336565163,3929.6829098866833,5845.167008960135,5845.167318018389,5185.870332801841,5185.865795984585,0.00
71,3.0,3.0,30.0,3.3,10.0,25991.75336565163,3929.6829098866833,5845.167008960135,5845.167318018389,5185.870332801841,5185.865795984585,0.00
72,3.0,3.0,30.0,3.3,10.0,25991.75336565163,3929.6829098866833,5845.167008960135,5845.167318018389,5185.870332801841,5185.865795984585,0.00
73,3.0,3.0,30.0,3.3,10.0,25991.75336565163,3929.6829098866833,5845.167008960135,5845.167318018389,5185.870332801841,5185.865795984585,0.00
74,3.0,3.0,30.0,3.3,10.0,25991.75336565163,3929.6829098866833,5845.167008960135,5845.167318018389,5185.870332801841,5185.865795984585,0.00
75,3.0,3.0,30.0,3.3,10.0,25991.75336565163,3929.6829098866833,5845.167008960135,5845.167318018389,5185.870332801841,5185.865795984585,0.00
76,3.0,3.0,30.0,3.3,10.0,25991.75336565163,3929.6829098866833,5845.167008960135,5845.167318018389,5185.870332801841,5185.865795984585,0.00
77,3.0,3.0,30.0,3.3,10.0,25991.75336565163,3929.6829098866833,5845.167008960135,5845.167318018389,5185.870332801841,5185.865795984585,0.00
78,3.0,3.0,30.0,3.3,10.0,25991.75336565163,3929.6829098866833,5845.167008960135,5845.167318018389,5185.870332801841,5185.865795984585,0.00
79,3.0,3.0,30.0,3.3,10.0,25991.75336565163,3929.6829098866833,5845.167008960135,5845.167318018389,5185.870332801841,5185.865795984585,0.00
80,3.0,3.0,30.0,3.3,10.0,25991.75336565163,3929.6829098866833,5845.167008960135,5845.167318018389,5185.870332801841,5185.865795984585,0.00
81,3.0,3.0,30.0,3.3,10.0,25991.75336565163,3929.6829098866833,5845.167008960135,5845.167318018389,5185.870332801841,5185.865795984585,0.00
82,3.0,3.0,30.0,3.3,10.0,25991.75336565163,3929.6829098866833,5845.167008960135,5845.167318018389,5185.870332801841,5185.865795984585,0.00
83,3.0,3.0,30.0,3.3,10.0,25991.75336565163,3929.6829098866833,5845.167008960135,5845.167318018389,5185.870332801841,5185.865795984585,0.00
84,3.0,3.0,30.0,3.3,10.0,25991.75336565163,3929.6829098866833,5845.167008960135,5845.167318018389,5185.870332801841,5185.865795984585,0.00
85,3.0,3.0,30.0,3.3,10.0,25991.75336565163,3929.6829098866833,5845.167008960135,5845.167318018389,5185.870332801841,5185.865795984585,0.00
86,3.0,3.0,30.0,3.3,10.0,25991.75336565163,3929.6829098866833,5845.167008960135,5845.167318018389,5185.870332801841,5185.865795984585,0.00
87,3.0,3.0,30.0,3.3,10.0,25991.75336565163,3929.6829098866833,5845.167008960135,5845.167318018389,5185.870332801841,5185.865795984585,0.00
88,3.0,3.0,30.0,3.3,10.0,25991.75336565163,3929.6829098866833,5845.167008960135,5845.167318018389,5185.870332801841,5185.865795984585,0.00
89,3.0,3.0,30.0,3.3,10.0,25991.75336565163,3929.6829098866833,5845.167008960135,5845.167318018389,5185.870332801841,5185.865795984585,0.00
90,3.0,3.0,30.0,3.3,10.0,25991.75336565163,3929.6829098866833,5845.167008960135,5845.167318018389,5185.870332801841,5185.865795984585,0.00
91,3.0,3.0,30.0,3.3,10.0,25991.75336565163,3929.6829098866833,5845.167008960135,5845.167318018389,5185.870332801841,5185.865795984585,0.00
92,3.0,3.0,30.0,3.3,10.0,25991.75336565163,3929.6829098866833,5845.167008960135,5845.167318018389,5185.870332801841,5185.865795984585,0.00
93,3.0,3.0,30.0,3.3,10.0,25991.75336565163,3929.6829098866833,5845.167008960135,5845.167318018389,5185.870332801841,5185.865795984585,0.00
94,3.0,3.0,30.0,3.3,10.0,25991.75336565163,3929.6829098866833,5845.167008960135,5845.167318018389,5185.870332801841,5185.865795984585,0.00
95,3.0,3.0,30.0,3.3,10.0,25991.75336565163,3929.6829098866833,5845.167008960135,5845.167318018389,5185.870332801841,5185.865795984585,0.00
96,3.0,3.0,30.0,3.3,10.0,25991.75336565163,3929.6829098866833,5845.167008960135,5845.167318018389,5185.870332801841,5185.865795984585,0.00
97,3.0,3.0,30.0,3.3,10.0,25991.75336565163,3929.6829098866833,5845.167008960135,5845.167318018389,5185.870332801841,5185.865795984585,0.00
98,3.0,3.0,30.0,3.3,10.0,25991.75336565163,3929.6829098866833,5845.167008960135,5845.167318018389,5185.870332801841,5185.865795984585,0.00
99,3.0,3.0,30.0,3.3,10.0,25991.75336565163,3929.6829098866833,5845.167008960135,5845.167318018389,5185.870332801841,5185.865795984585,0.00
100,3.0,3.0,30.0,3.3,10.0,25991.75336565163,3929.6829098866833,5845.167008960135,5845.167318018389,5185.870332801841,5185.865795984585,0.00
101,3.0,3.0,30.0,3.3,10.0,25991.75336565163,3929.6829098866833,5845.167008960135,5845.167318018389,5185.870332801841,5185.865795984585,0.00
102,3.0,3.0,30.0,3.3,10.0,25991.75336565163,3929.6829098866833,5845.167008960135,5845.167318018389,5185.870332801841,5185.865795984585,0.00
103,3.0,3.0,30.0,3.3,10.0,25991.75336565163,3929.6829098866833,5845.167008960135,5845.167318018389,5185.870332801841,5185.865795984585,0.00
104,3.0,3.0,30.0,3.3,10.0,25991.75336565163,3929.6829098866833,5845.167008960135,5845.167318018389,5185.870332801841,5185.865795984585,0.00
105,3.0,3.0,30.0,3.3,10.0,25991.75336565163,3929.6829098866833,5845.167008960135,5845.167318018389,5185.870332801841,5185.865795984585,0.00
106,3.0,3.0,30.0,3.3,10.0,25991.75336565163,3929.6829098866833,5845.167008960135,5845.167318018389,5185.870332801841,5185.865795984585,0.00
107,3.0,3.0,30.0,3.3,10.0,25991.75336565163,3929.6829098866833,5845.167008960135,5845.167318018389,5185.870332801841,5185.865795984585,0.00
108,3.0,3.0,30.0,3.3,10.0,25991.75336565163,3929.6829098866833,5845.167008960135,5845.167318018389,5185.870332801841,5185.865795984585,0.00
109,3.0,3.0,30.0,3.3,10.0,25991.75336565163,3929.6829098866833,5845.167008960135,5845.167318018389,5185.870332801841,5185.865795984585,0.00
110,3.0,3.0,30.0,3.3,10.0,25991.75336565163,3929.6829098866833,5845.167008960135,5845.167318018389,5185.870332801841,5185.865795984585,0.00
111,3.0,3.0,30.0,3.3,10.0,25991.75336565163,3929.6829098866833,5845.167008960135,5845.167318018389,5185.870332801841,5185.865795984585,0.00
112,3.0,3.0,30.0,3.3,10.0,25991.75336565163,3929.6829098866833,5845.167008960135,5845.167318018389,5185.870332801841,5185.865795984585,0.00
113,3.0,3.0,30.0,3.3,10.0,25991.75336565163,3929.6829098866833,5845.167008960135,5845.167318018389,5185.870332801841,5185.865795984585,0.00
114,3.0,3.0,30.0,3.3,10.0,25991.75336565163,3929.6829098866833,5845.167008960135,5845.167318018389,5185.870332801841,5185.865795984585,0.00
115,3.0,3.0,30.0,3.3,10.0,25991.75336565163,3929.6829098866833,5845.167008960135,5845.167318018389,5185.870332801841,5185.865795984585,0.00
116,3.0,3.0,30.0,3.3,10.0,25991.75336565163,3929.6829098866833,5845.167008960135,5845.167318018389,5185.870332801841,5185.865795984585,0.00
117,3.0,3.0,30.0,3.3,10.0,25991.75336565163,3929.6829098866833,5845.167008960135,5845.167318018389,5185.870332801841,5185.865795984585,0.00
118,3.0,3.0,30.0,3.3,10.0,25991.75336565163,3929.6829098866833,5845.167008960135,5845.167318018389,5185.870332801841,5185.865795984585,0.00
119,3.0,3.0,30.0,3.3,10.0,25991.75336565163,3929.6829098866833,5845.167008960135,5845.167318018389,5185.870332801841,5185.865795984585,0.00
120,3.0,3.0,30.0,3.3,10.0,25991.75336565163,3929.6829098866833,5845.167008960135,5845.167318018389,5185.870332801841,5185.865795984585,0.00
121,3.0,3.0,30.0,3.3,10.0,25991.75336565163,3929.6829098866833,5845.167008960135,5845.167318018389,5185.870332801841,5185.865795984585,0.00
122,3.0,3.0,30.0,3.3,10.0,25991.75336565163,3929.6829098866833,5845.167008960135,5845.167318018389,5185.870332801841,5185.865795984585,0.00
123,3.0,3.0,30.0,3.3,10.0,25991.75336565163,3929.6829098866833,5845.167008960135,5845.167318018389,5185.870332801841,5185.865795984585,0.00
124,3.0,3.0,30.0,3.3,10.0,25991.75336565163,3929.6829098866833,5845.167008960135,5845.167318018389,5185.870332801841,5185.865795984585,0.00
125,3.0,3.0,30.0,3.3,10.0,25991.75336565163,3929.6829098866833,5845.167008960135,5845.167318018389,5185.870332801841,5185.865795984585,0.00
126,3.0,3.0,30.0,3.3,10.0,25991.75336565163,3929.6829098866833,5845.167008960135,5845.167318018389,5185.870332801841,5185.865795984585,0.00
127,3.0,3.0,30.0,3.3,10.0,25991.75336565163,3929.6829098866833,5845.167008960135,5845.167318018389,5185.870332801841,5185.865795984585,0.00
128,3.0,3.0,30.0,3.3,10.0,25991.75336565163,3929.6829098866833,5845.167008960135,5845.167318018389,5185.870332801841,5185.865795984585,0.00
129,3.0,3.0,30.0,3.3,10.0,25991.75336565163,3929.6829098866833,5845.167008960135,5845.167318018389,5185.870332801841,5185.865795984585,0.00
130,3.0,3.0,30.0,3.3,10.0,25991.75336565163,3929.6829098866833,5845.167008960135,5845.167318018389,5185.870332801841,5185.865795984585,0.00
131,3.0,3.0,30.0,3.3,10.0,25991.75336565163,3929.6829098866833,5845.167008960135,5845.167318018389,5185.870332801841,5185.865795984585,0.00
132,3.0,3.0,30.0,3.3,10.0,25991.75336565163,3929.6829098866833,5845.167008960135,5845.167318018389,5185.870332801841,5185.865795984585,0.00
133,3.0,3.0,30.0,3.3,10.0,25991.75336565163,3929.6829098866833,5845.167008960135,5845.167318018389,5185.870332801841,5185.865795984585,0.00
134,3.0,3.0,30.0,3.3,10.0,25991.75336565163,3929.6829098866833,5845.167008960135,5845.167318018389,5185.870332801841,5185.865795984585,0.00
135,3.0,3.0,30.0,3.3,10.0,25991.75336565163,3929.6829098866833,5845.167008960135,5845.167318018389,5185.870332801841,5185.865795984585,0.00
136,3.0,3.0,30.0,3.3,10.0,25991.75336565163,3929.6829098866833,5845.167008960135,5845.167318018389,5185.870332801841,5185.865795984585,0.00
137,3.0,3.0,30.0,3.3,10.0,25991.75336565163,3929.6829098866833,5845.167008960135,5845.167318018389,5185.870332801841,5185.865795984585,0.00
138,3.0,3.0,30.0,3.3,10.0,25991.75336565163,3929.6829098866833,5845.167008960135,5845.167318018389,5185.870332801841,5185.865795984585,0.00
139,3.0,3.0,30.0,3.3,10.0,25991.75336565163,3929.6829098866833,5845.167008960135,5845.167318018389,5185.870332801841,5185.865795984585,0.00
140,3.0,3.0,30.0,3.3,10.0,25991.75336565163,3929.6829098866833,5845.167008960135,5845.167318018389,5185.870332801841,5185.865795984585,0.00
141,3.0,3.0,30.0,3.3,10.0,25991.75336565163,3929.6829098866833,5845.167008960135,5845.167318018389,5185.870332801841,5185.865795984585,0.00
142,3.0,3.0,30.0,3.3,10.0,25991.75336565163,3929.6829098866833,5845.167008960135,5845.167318018389,5185.870332801841,5185.865795984585,0.00
143,3.0,3.0,30.0,3.3,10.0,25991.75336565163,3929.6829098866833,5845.167008960135,5845.167318018389,5185.870332801841,5185.865795984585,0.00
144,3.0,3.0,30.0,3.3,10.0,25991.75336565163,3929.6829098866833,5845.167008960135,5845.167318018389,5185.870332801841,5185.865795984585,0.00
145,3.0,3.0,30.0,3.3,10.0,25991.75336565163,3929.6829098866833,5845.167008960135,5845.167318018389,5185.870332801841,5185.865795984585,0.00
146,3.0,3.0,30.0,3.3,10.0,25991.75336565163,3929.6829098866833,5845.167008960135,5845.167318018389,5185.870332801841,5185.865795984585,0.00
147,3.0,3.0,30.0,3.3,10.0,25991.75336565163,3929.6829098866833,5845.167008960135,5845.167318018389,5185.870332801841,5185.865795984585,0.00
148,3.0,3.0,30.0,3.3,10.0,25991.75336565163,3929.6829098866833,5845.167008960135,5845.167318018389,5185.870332801841,5185.865795984585,0.00
149,3.0,3.0,30.0,3.3,10.0,25991.75336565163,3929.6829098866833,5845.167008960135,5845.167318018389,5185.870332801841,5185.865795984585,0.00
150,3.0,3.0,30.0,3.3,10.0,25991.75336565163,3929.6829098866833,5845.167008960135,5845.167318018389,5185.870332801841,5185.865795984585,0.00
151,3.0,3.0,30.0,3.3,10.0,25991.75336565163,3929.6829098866833,5845.167008960135,5845.167318018389,5185.870332801841,5185.865795984585,0.00
152,3.0,3.0,30.0,3.3,10.0,25991.75336565163,3929.6829098866833,5845.167008960135,5845.167318018389,5185.870332801841,5185.865795984585,0.00
153,3.0,3.0,30.0,3.3,10.0,25991.75336565163,3929.6829098866833,5845.167008960135,5845.167318018389,5185.870332801841,5185.865795984585,0.00
154,3.0,3.0,30.0,3.3,10.0,25991.75336565163,3929.6829098866833,5845.167008960135,5845.167318018389,5185.870332801841,5185.865795984585,0.00
155,3.0,3.0,30.0,3.3,10.0,25991.75336565163,3929.6829098866833,5845.167008960135,5845.167318018389,5185.870332801841,5185.865795984585,0.00
156,3.0,3.0,30.0,3.3,10.0,25991.75336565163,3929.6829098866833,5845.167008960135,5845.167318018389,5185.870332801841,5185.865795984585,0.00
157,3.0,3.0,30.0,3.3,10.0,25991.75336565163,3929.6829098866833,5845.167008960135,5845.167318018389,5185.870332801841,5185.865795984585,0.00
158,3.0,3.0,30.0,3.3,10.0,25991.75336565163,3929.6829098866833,5845.167008960135,5845.167318018389,5185.870332801841,5185.865795984585,0.00
159,3.0,3.0,30.0,3.3,10.0,25991.75336565163,3929.6829098866833,5845.167008960135,5845.167318018389,5185.870332801841,5185.865795984585,0.00
160,3.0,3.0,30.0,3.3,10.0,25991.75336565163,3929.6829098866833,5845.167008960135,5845.167318018389,5185.870332801841,5185.865795984585,0.00
161,3.0,3.0,30.0,3.3,10.0,25991.75336565163,3929.6829098866833,5845.167008960135,5845.167318018389,5185.870332801841,5185.865795984585,0.00
162,3.0,3.0,30.0,3.3,10.0,25991.75336565163,3929.6829098866833,5845.167008960135,5845.167318018389,5185.870332801841,5185.865795984585,0.00
163,3.0,3.0,30.0,3.3,10.0,25991.75336565163,3929.6829098866833,5845.167008960135,5845.167318018389,5185.870332801841,5185.865795984585,0.00
164,3.0,3.0,30.0,3.3,10.0,25991.75336565163,3929.6829098866833,5845.167008960135,5845.167318018389,5185.870332801841,5185.865795984585,0.00
165,3.0,3.0,30.0,3.3,10.0,25991.75336565163,3929.6829098866833,5845.167008960135,5845.167318018389,5185.870332801841,5185.865795984585,0.00
166,3.0,3.0,30.0,3.3,10.0,25991.75336565163,3929.6829098866833,5845.167008960135,5845.167318018389,5185.870332801841,5185.865795984585,0.00
167,3.0,3.0,30.0,3.3,10.0,25991.75336565163,3929.6829098866833,5845.167008960135,5845.167318018389,5185.870332801841,5185.865795984585,0.00
168,3.0,3.0,30.0,3.3,10.0,25991.75336565163,3929.6829098866833,5845.167008960135,5845.167318018389,5185.870332801841,5185.865795984585,0.00
169,3.0,3.0,30.0,3.3,10.0,25991.75336565163,3929.6829098866833,5845.167008960135,5845.167318018389,5185.870332801841,5185.865795984585,0.00
170,3.0,3.0,30.0,3.3,10.0,25991.75336565163,3929.6829098866833,5845.167008960135,5845.167318018389,5185.870332801841,5185.865795984585,0.00
171,3.0,3.0,30.0,3.3,10.0,25991.75336565163,3929.6829098866833,5845.167008960135,5845.167318018389,5185.870332801841,5185.865795984585,0.00
172,3.0,3.0,30.0,3.3,10.0,25991.75336565163,3929.6829098866833,5845.167008960135,5845.167318018389,5185.870332801841,5185.865795984585,0.00
173,3.0,3.0,30.0,3.3,10.0,25991.75336565163,3929.6829098866833,5845.167008960135,5845.167318018389,5185.870332801841,5185.865795984585,0.00
174,3.0,3.0,30.0,3.3,10.0,25991.75336565163,3929.6829098866833,5845.167008960135,5845.167318018389,5185.870332801841,5185.865795984585,0.00
175,3.0,3.0,30.0,3.3,10.0,25991.75336565163,3929.6829098866833,5845.167008960135,5845.167318018389,5185.870332801841,5185.865795984585,0.00
176,3.0,3.0,30.0,3.3,10.0,25991.75336565163,3929.6829098866833,5845.167008960135,5845.167318018389,5185.870332801841,5185.865795984585,0.00
177,3.0,3.0,30.0,3.3,10.0,25991.75336565163,3929.6829098866833,5845.167008960135,5845.167318018389,5185.870332801841,5185.865795984585,0.00
178,3.0,3.0,30.0,3.3,10.0,25991.75336565163,3929.6829098866833,5845.167008960135,5845.167318018389,5185.870332801841,5185.865795984585,0.00
179,3.0,3.0,30.0,3.3,10.0,25991.75336565163,3929.6829098866833,5845.167008960135,5845.167318018389,5185.870332801841,5185.865795984585,0.00
180,3.0,3.0,30.0,3.3,10.0,25991.75336565163,3929.6829098866833,5845.167008960135,5845.167318018389,5185.870332801841,5185.865795984585,0.00
181,3.0,3.0,30.0,3.3,10.0,25991.75336565163,3929.6829098866833,5845.167008960135,5845.167318018389,5185.870332801841,5185.865795984585,0.00
182,3.0,3.0,30.0,3.3,10.0,25991.75336565163,3929.6829098866833,5845.167008960135,5845.167318018389,5185.870332801841,5185.865795984585,0.00
183,3.0,3.0,30.0,3.3,10.0,25991.75336565163,3929.6829098866833,5845.167008960135,5845.167318018389,5185.870332801841,5185.865795984585,0.00
184,3.0,3.0,30.0,3.3,10.0,25991.75336565163,3929.6829098866833,5845.167008960135,5845.167318018389,5185.870332801841,5185.865795984585,0.00
185,3.0,3.0,30.0,3.3,10.0,25991.75336565163,3929.6829098866833,5845.167008960135,5845.167318018389,5185.870332801841,5185.865795984585,0.00
186,3.0,3.0,30.0,3.3,10.0,25991.75336565163,3929.6829098866833,5845.167008960135,5845.167318018389,5185.870332801841,5185.865795984585,0.00
187,3.0,3.0,30.0,3.3,10.0,25991.75336565163,3929.6829098866833,5845.167008960135,5845.167318018389,5185.870332801841,5185.865795984585,0.00
188,3.0,3.0,30.0,3.3,10.0,25991.75336565163,3929.6829098866833,5845.167008960135,5845.167318018389,5185.870332801841,5185.865795984585,0.00
189,3.0,3.0,30.0,3.3,10.0,25991.75336565163,3929.6829098866833,5845.167008960135,5845.167318018389,5185.870332801841,5185.865795984585,0.00
190,3.0,3.0,30.0,3.3,10.0,25991.75336565163,3929.6829098866833,5845.167008960135,5845.167318018389,5185.870332801841,5185.865795984585,0.00
191,3.0,3.0,30.0,3.3,10.0,25991.75336565163,3929.6829098866833,5845.167008960135,5845.167318018389,5185.870332801841,5185.865795984585,0.00
192,3.0,3.0,30.0,3.3,10.0,25991.75336565163,3929.6829098866833,5845.167008960135,5845.167318018389,5185.870332801841,5185.865795984585,0.00
193,3.0,3.0,30.0,3.3,10.0,25991.75336565163,3929.6829098866833,5845.167008960135,5845.167318018389,5185.870332801841,5185.865795984585,0.00
194,3.0,3.0,30.0,3.3,10.0,25991.75336565163,3929.6829098866833,5845.167008960135,5845.167318018389,5185.870332801841,5185.865795984585,0.00
195,3.0,3.0,30.0,3.3,10.0,25991.75336565163,3929.6829098866833,5845.167008960135,5845.167318018389,5185.870332801841,5185.865795984585,0.00
196,3.0,3.0,30.0,3.3,10.0,25991.75336565163,3929.6829098866833,5845.167008960135,5845.167318018389,5185.870332801841,5185.865795984585,0.00
197,3.0,3.0,30.0,3.3,10.0,25991.75336565163,3929.6829098866833,5845.167008960135,5845.167318018389,5185.870332801841,5185.865795984585,0.00
198,3.0,3.0,30.0,3.3,10.0,25991.75336565163,3929.6829098866833,5845.167008960135,5845.167318018389,5185.870332801841,5185.865795984585,0.00
199,3.0,3.0,30.0,3.3,10.0,25991.75336565163,3929.6829098866833,5845.167008960135,5845.167318018389,5185.870332801841,5185.865795984585,0.00
200,3.0,3.0,30.0,3.3,10.0,25991.75336565163,3929.6829098866833,5845.167008960135,5845.167318018389,5185.870332801841,5185.865795984585,0.00
201,3.0,3.0,30.0,3.3,10.0,25991.75336565163,3929.6829098866833,5845.167008960135,5845.167318018389,5185.870332801841,5185.865795984585,0.00
202,3.0,3.0,30.0,3.3,10.0,25991.75336565163,3929.6829098866833,5845.167008960135,5845.167318018389,5185.870332801841,5185.865795984585,0.00
203,3.0,3.0,30.0,3.3,10.0,25991.75336565163,3929.6829098866833,5845.167008960135,5845.167318018389,5185.870332801841,5185.865795984585,0.00
204,3.0,3.0,30.0,3.3,10.0,25991.75336565163,3929.6829098866833,5845.167008960135,5845.167318018389,5185.870332801841,5185.865795984585,0.00
205,3.0,3.0,30.0,3.3,10.0,25991.75336565163,3929.6829098866833,5845.167008960135,5845.167318018389,5185.870332801841,5185.865795984585,0.00
206,3.0,3.0,30.0,3.3,10.0,25991.75336565163,3929.6829098866833,5845.167008960135,5845.167318018389,5185.870332801841,5185.865795984585,0.00
207,3.0,3.0,30.0,3.3,10.0,25991.75336565163,3929.6829098866833,5845.167008960135,5845.167318018389,5185.870332801841,5185.865795984585,0.00
208,3.0,3.0,30.0,3.3,10.0,25991.75336565163,3929.6829098866833,5845.167008960135,5845.167318018389,5185.870332801841,5185.865795984585,0.00
209,3.0,3.0,30.0,3.3,10.0,25991.75336565163,3929.6829098866833,5845.167008960135,5845.167318018389,5185.870332801841,5185.865795984585,0.00
210,3.0,3.0,30.0,3.3,10.0,25991.75336565163,3929.6829098866833,5845.167008960135,5845.167318018389,5185.870332801841,5185.865795984585,0.00
211,3.0,3.0,30.0,3.3,10.0,25991.75336565163,3929.6829098866833,5845.167008960135,5845.167318018389,5185.870332801841,5185.865795984585,0.00
212,3.0,3.0,30.0,3.3,10.0,25991.75336565163,3929.6829098866833,5845.167008960135,5845.167318018389,5185.870332801841,5185.865795984585,0.00
213,3.0,3.0,30.0,3.3,10.0,25991.75336565163,3929.6829098866833,5845.167008960135,5845.167318018389,5185.870332801841,5185.865795984585,0.00
214,3.0,3.0,30.0,3.3,10.0,25991.75336565163,3929.6829098866833,5845.167008960135,5845.167318018389,5185.870332801841,5185.865795984585,0.00
215,3.0,3.0,30.0,3.3,10.0,25991.75336565163,3929.6829098866833,5845.167008960135,5845.167318018389,5185.870332801841,5185.865795984585,0.00
216,3.0,3.0,30.0,3.3,10.0,25991.75336565163,3929.6829098866833,5845.167008960135,5845.167318018389,5185.870332801841,5185.865795984585,0.00
217,3.0,3.0,30.0,3.3,10.0,25991.75336565163,3929.6829098866833,5845.167008960135,5845.167318018389,5185.870332801841,5185.865795984585,0.00
218,3.0,3.0,30.0,3.3,10.0,25991.75336565163,3929.6829098866833,5845.167008960135,5845.167318018389,5185.870332801841,5185.865795984585,0.00
219,3.0,3.0,30.0,3.3,10.0,25991.75336565163,3929.6829098866833,5845.167008960135,5845.167318018389,5185.870332801841,5185.865795984585,0.00
220,3.0,3.0,30.0,3.3,10.0,25991.75336565163,3929.6829098866833,5845.167008960135,5845.167318018389,5185.870332801841,5185.865795984585,0.00
221,3.0,3.0,30.0,3.3,10.0,25991.75336565163,3929.6829098866833,5845.167008960135,5845.167318018389,5185.870332801841,5185.865795984585,0.00
222,3.0,3.0,30.0,3.3,10.0,25991.75336565163,3929.6829098866833,5845.167008960135,5845.167318018389,5185.870332801841,5185.865795984585,0.00
223,3.0,3.0,30.0,3.3,10.0,25991.75336565163,3929.6829098866833,5845.167008960135,5845.167318018389,5185.870332801841,5185.865795984585,0.00
224,3.0,3.0,30.0,3.3,10.0,25991.75336565163,3929.6829098866833,5845.167008960135,5845.167318018389,5185.870332801841,5185.865795984585,0.00
225,3.0,3.0,30.0,3.3,10.0,25991.75336565163,3929.6829098866833,5845.167008960135,5845.167318018389,5185.870332801841,5185.865795984585,0.00
226,3.0,3.0,30.0,3.3,10.0,25991.75336565163,3929.6829098866833,5845.167008960135,5845.167318018389,5185.870332801841,5185.865795984585,0.00
227,3.0,3.0,30.0,3.3,10.0,25991.75336565163,3929.6829098866833,5845.167008960135,5845.167318018389,5185.870332801841,5185.865795984585,0.00
228,3.0,3.0,30.0,3.3,10.0,25991.75336565163,3929.6829098866833,5845.167008960135,5845.167318018389,5185.870332801841,5185.865795984585,0.00
229,3.0,3.0,30.0,3.3,10.0,25991.75336565163,3929.6829098866833,5845.167008960135,5845.167318018389,5185.870332801841,5185.865795984585,0.00
230,3.0,3.0,30.0,3.3,10.0,25991.75336565163,3929.6829098866833,5845.167008960135,5845.167318018389,5185.870332801841,5185.865795984585,0.00
231,3.0,3.0,30.0,3.3,10.0,25991.75336565163,3929.6829098866833,5845.167008960135,5845.167318018389,5185.870332801841,5185.865795984585,0.00
232,3.0,3.0,30.0,3.3,10.0,25991.75336565163,3929.6829098866833,5845.167008960135,5845.167318018389,5185.870332801841,5185.865795984585,0.00
233,3.0,3.0,30.0,3.3,10.0,25991.75336565163,3929.6829098866833,5845.167008960135,5845.167318018389,5185.870332801841,5185.865795984585,0.00
234,3.0,3.0,30.0,3.3,10.0,25991.75336565163,3929.6829098866833,5845.167008960135,5845.167318018389,5185.870332801841,5185.865795984585,0.00
235,3.0,3.0,30.0,3.3,10.0,25991.75336565163,3929.6829098866833,5845.167008960135,5845.167318018389,5185.870332801841,5185.865795984585,0.00
236,3.0,3.0,30.0,3.3,10.0,25991.75336565163,3929.6829098866833,5845.167008960135,5845.167318018389,5185.870332801841,5185.865795984585,0.00
237,3.0,3.0,30.0,3.3,10.0,25991.75336565163,3929.6829098866833,5845.167008960135,5845.167318018389,5185.870332801841,5185.865795984585,0.00
238,3.0,3.0,30.0,3.3,10.0,25991.75336565163,3929.6829098866833,5845.167008960135,5845.167318018389,5185.870332801841,5185.865795984585,0.00
239,3.0,3.0,30.0,3.3,10.0,25991.75336565163,3929.6829098866833,5845.167008960135,5845.167318018389,5185.870332801841,5185.865795984585,0.00
240,3.0,3.0,30.0,3.3,10.0,25991.75336565163,3929.6829098866833,5845.167008960135,5845.167318018389,5185.870332801841,5185.865795984585,0.00
241,3.0,3.0,30.0,3.3,10.0,25991.75336565163,3929.6829098866833,5845.167008960135,5845.167318018389,5185.870332801841,5185.865795984585,0.00
242,3.0,3.0,30.0,3.3,10.0,25991.75336565163,3929.6829098866833,5845.167008960135,5845.167318018389,5185.870332801841,5185.865795984585,0.00
243,3.0,3.0,30.0,3.3,10.0,25991.75336565163,3929.6829098866833,5845.167008960135,5845.167318018389,5185.870332801841,5185.865795984585,0.00
244,3.0,3.0,30.0,3.3,10.0,25991.75336565163,3929.6829098866833,5845.167008960135,5845.167318018389,5185.870332801841,5185.865795984585,0.00
245,3.0,3.0,30.0,3.3,10.0,25991.75336565163,3929.6829098866833,5845.167008960135,5845.167318018389,5185.870332801841,5185.865795984585,0.00
246,3.0,3.0,30.0,3.3,10.0,25991.75336565163,3929.6829098866833,5845.167008960135,5845.167318018389,5185.870332801841,5185.865795984585,0.00
247,3.0,3.0,30.0,3.3,10.0,25991.75336565163,3929.6829098866833,5845.167008960135,5845.167318018389,5185.870332801841,5185.865795984585,0.00
248,3.0,3.0,30.0,3.3,10.0,25991.75336565163,3929.6829098866833,5845.167008960135,5845.167318018389,5185.870332801841,5185.865795984585,0.00
249,3.0,3.0,30.0,3.3,10.0,25991.75336565163,3929.6829098866833,5845.167008960135,5845.167318018389,5185.870332801841,5185.865795984585,0.00
250,3.0,3.0,30.0,3.3,10.0,25991.75336565163,3929.6829098866833,5845.167008960135,5845.167318018389,5185.870332801841,5185.865795984585,0.00
251,3.0,3.0,30.0,3.3,10.0,25991.75336565163,3929.6829098866833,5845.167008960135,5845.167318018389,5185.870332801841,5185.865795984585,0.00
252,3.0,3.0,30.0,3.3,10.0,25991.75336565163,3929.6829098866833,5845.167008960135,5845.167318018389,5185.870332801841,5185.865795984585,0.00
253,3.0,3.0,30.0,3.3,10.0,25991.75336565163,3929.6829098866833,5845.167008960135,5845.167318018389,5185.870332801841,5185.865795984585,0.00
254,3.0,3.0,30.0,3.3,10.0,25991.75336565163,3929.6829098866833,5845.167008960135,5845.167318018389,5185.870332801841,5185.865795984585,0.00
255,3.0,3.0,30.0,3.3,10.0,25991.75336565163,3929.6829098866833,5845.167008960135,5845.167318018389,5185.870332801841,5185.865795984585,0.00
256,3.0,3.0,30.0,3.3,10.0,25991.75336565163,3929.6829098866833,5845.167008960135,5845.167318018389,5185.870332801841,5185.865795984585,0.00
257,3.0,3.0,30.0,3.3,10.0,25991.75336565163,3929.6829098866833,5845.167008960135,5845.167318018389,5185.870332801841,5185.865795984585,0.00
258,3.0,3.0,30.0,3.3,10.0,25991.75336565163,3929.6829098866833,5845.167008960135,5845.167318018389,5185.870332801841,5185.865795984585,0.00
259,3.0,3.0,30.0,3.3,10.0,25991.75336565163,3929.6829098866833,5845.167008960135,5845.167318018389,5185.870332801841,5185.865795984585,0.00
260,3.0,3.0,30.0,3.3,10.0,25991.75336565163,3929.6829098866833,5845.167008960135,5845.167318018389,5185.870332801841,5185.865795984585,0.00
261,3.0,3.0,30.0,3.3,10.0,25991.75336565163,3929.6829098866833,5845.167008960135,5845.167318018389,5185.870332801841,5185.865795984585,0.00
262,3.0,3.0,30.0,3.3,10.0,25991.75336565163,3929.6829098866833,5845.167008960135,5845.167318018389,5185.870332801841,5185.865795984585,0.00
263,3.0,3.0,30.0,3.3,10.0,25991.75336565163,3929.6829098866833,5845.167008960135,5845.167318018389,5185.870332801841,5185.865795984585,0.00
264,3.0,3.0,30.0,3.3,10.0,25991.75336565163,3929.6829098866833,5845.167008960135,5845.167318018389,5185.870332801841,5185.865795984585,0.00
265,3.0,3.0,30.0,3.3,10.0,25991.75336565163,3929.6829098866833,5845.167008960135,5845.167318018389,5185.870332801841,5185.865795984585,0.00
266,3.0,3.0,30.0,3.3,10.0,25991.75336565163,3929.6829098866833,5845.167008960135,5845.167318018389,5185.870332801841,5185.865795984585,0.00
267,3.0,3.0,30.0,3.3,10.0,25991.75336565163,3929.6829098866833,5845.167008960135,5845.167318018389,5185.870332801841,5185.865795984585,0.00
268,3.0,3.0,30.0,3.3,10.0,25991.75336565163,3929.6829098866833,5845.167008960135,5845.167318018389,5185.870332801841,5185.865795984585,0.00
269,3.0,3.0,30.0,3.3,10.0,25991.75336565163,3929.6829098866833,5845.167008960135,5845.167318018389,5185.870332801841,5185.865795984585,0.00
270,3.0,3.0,30.0,3.3,10.0,25991.75336565163,3929.6829098866833,5845.167008960135,5845.167318018389,5185.870332801841,5185.865795984585,0.00
271,3.0,3.0,30.0,3.3,10.0,25991.75336565163,3929.6829098866833,5845.167008960135,5845.167318018389,5185.870332801841,5185.865795984585,0.00
272,3.0,3.0,30.0,3.3,10.0,25991.75336565163,3929.6829098866833,5845.167008960135,5845.167318018389,5185.870332801841,5185.865795984585,0.00
273,3.0,3.0,30.0,3.3,10.0,25991.75336565163,3929.6829098866833,5845.167008960135,5845.167318018389,5185.870332801841,5185.865795984585,0.00
274,3.0,3.0,30.0,3.3,10.0,25991.75336565163,3929.6829098866833,5845.167008960135,5845.167318018389,5185.870332801841,5185.865795984585,0.00
275,3.0,3.0,30.0,3.3,10.0,25991.75336565163,3929.6829098866833,5845.167008960135,5845.167318018389,5185.870332801841,5185.865795984585,0.00
276,3.0,3.0,30.0,3.3,10.0,25991.75336565163,3929.6829098866833,5845.167008960135,5845.167318018389,5185.870332801841,5185.865795984585,0.00
277,3.0,3.0,30.0,3.3,10.0,25991.75336565163,3929.6829098866833,5845.167008960135,5845.167318018389,5185.870332801841,5185.865795984585,0.00
278,3.0,3.0,30.0,3.3,10.0,25991.75336565163,3929.6829098866833,5845.167008960135,5845.167318018389,5185.870332801841,5185.865795984585,0.00
279,3.0,3.0,30.0,3.3,10.0,25991.75336565163,3929.6829098866833,5845.167008960135,5845.167318018389,5185.870332801841,5185.865795984585,0.00
280,3.0,3.0,30.0,3.3,10.0,25991.75336565163,3929.6829098866833,5845.167008960135,5845.167318018389,5185.870332801841,5185.865795984585,0.00
281,3.0,3.0,30.0,3.3,10.0,25991.75336565163,3929.6829098866833,5845.167008960135,5845.167318018389,5185.870332801841,5185.865795984585,0.00
282,3.0,3.0,30.0,3.3,10.0,25991.75336565163,3929.6829098866833,5845.167008960135,5845.167318018389,5185.870332801841,5185.865795984585,0.00
283,3.0,3.0,30.0,3.3,10.0,25991.75336565163,3929.6829098866833,5845.167008960135,5845.167318018389,5185.870332801841,5185.865795984585,0.00
284,3.0,3.0,30.0,3.3,10.0,25991.75336565163,3929.6829098866833,5845.167008960135,5845.167318018389,5185.870332801841,5185.865795984585,0.00
285,3.0,3.0,30.0,3.3,10.0,25991.75336565163,3929.6829098866833,5845.167008960135,5845.167318018389,5185.870332801841,5185.865795984585,0.00
286,3.0,3.0,30.0,3.3,10.0,25991.75336565163,3929.6829098866833,5845.167008960135,5845.167318018389,5185.870332801841,5185.865795984585,0.00
287,3.0,3.0,30.0,3.3,10.0,25991.75336565163,3929.6829098866833,5845.167008960135,5845.167318018389,5185.870332801841,5185.865795984585,0.00
288,3.0,3.0,30.0,3.3,10.0,25991.75336565163,3929.6829098866833,5845.167008960135,5845.167318018389,5185.870332801841,5185.865795984585,0.00
289,3.0,3.0,30.0,3.3,10.0,25991.75336565163,3929.6829098866833,5845.167008960135,5845.167318018389,5185.870332801841,5185.865795984585,0.00
290,3.0,3.0,30.0,3.3,10.0,25991.75336565163,3929.6829098866833,5845.167008960135,5845.167318018389,5185.870332801841,5185.865795984585,0.00
291,3.0,3.0,30.0,3.3,10.0,25991.75336565163,3929.6829098866833,5845.167008960135,5845.167318018389,5185.870332801841,5185.865795984585,0.00
292,3.0,3.0,30.0,3.3,10.0,25991.75336565163,3929.6829098866833,5845.167008960135,5845.167318018389,5185.870332801841,5185.865795984585,0.00
293,3.0,3.0,30.0,3.3,10.0,25991.75336565163,3929.6829098866833,5845.167008960135,5845.167318018389,5185.870332801841,5185.865795984585,0.00
294,3.0,3.0,30.0,3.3,10.0,25991.75336565163,3929.6829098866833,5845.167008960135,5845.167318018389,5185.870332801841,5185.865795984585,0.00
295,3.0,3.0,30.0,3.3,10.0,25991.75336565163,3929.6829098866833,5845.167008960135,5845.167318018389,5185.870332801841,5185.865795984585,0.00
296,3.0,3.0,30.0,3.3,10.0,25991.75336565163,3929.6829098866833,5845.167008960135,5845.167318018389,5185.870332801841,5185.865795984585,0.00
297,3.0,3.0,30.0,3.3,10.0,25991.75336565163,3929.6829098866833,5845.167008960135,5845.167318018389,5185.870332801841,5185.865795984585,0.00
298,3.0,3.0,30.0,3.3,10.0,25991.75336565163,3929.6829098866833,5845.167008960135,5845.167318018389,5185.870332801841,5185.865795984585,0.00
299,3.0,3.0,30.0,3.3,10.0,25991.75336565163,3929.6829098866833,5845.167008960135,5845.167318018389,5185.870332801841,5185.865795984585,0.00
300,3.0,3.0,30.0,3.3,10.0,25991.75336565163,3929.6829098866833,5845.167008960135,5845.167318018389,5185.870332801841,5185.865795984585,0.00
